cost_id,hospital_id,drg_code,drg_description,total_discharges,avg_covered_charges,avg_total_payments,avg_medicare_payments,year
c83489da-871,H0001,291,HEART FAILURE & SHOCK W MCC,366,74253.9,40005.31,32513.38,2022
2e82108f-50f,H0001,194,SIMPLE PNEUMONIA & PLEURISY W CC,375,59458.28,33312.55,30208.4,2023
60e50a70-4f7,H0001,682,RENAL FAILURE W MCC,160,20355.56,10040.25,8198.77,2023
3a5289ce-2d6,H0001,683,RENAL FAILURE W CC,235,67132.22,20437.8,16526.11,2022
3e5cf269-189,H0002,470,MAJOR JOINT REPLACEMENT OR REATTACHMENT OF LOWER EXTREMITY W/O MCC,361,74933.22,30040.78,24092.69,2022
fdc34482-d84,H0002,871,SEPTICEMIA OR SEVERE SEPSIS W/O MV >96 HOURS W MCC,90,62120.2,22109.64,18152.54,2021
c7051f42-bf8,H0002,291,HEART FAILURE & SHOCK W MCC,345,47360.17,17528.23,16042.73,2023
6be3035c-369,H0002,193,SIMPLE PNEUMONIA & PLEURISY W MCC,326,58959.2,27393.15,25428.03,2022
3ba7561c-a3e,H0002,194,SIMPLE PNEUMONIA & PLEURISY W CC,480,52876.57,27184.57,24439.33,2023
a40d11a8-dbc,H0002,682,RENAL FAILURE W MCC,206,37957.66,13551.28,11167.92,2021
51f63f67-b7c,H0002,683,RENAL FAILURE W CC,356,60254.79,26280.53,22774.53,2021
16a7e020-90a,H0002,392,"ESOPHAGITIS, GASTROENT & MISC DIGEST DISORDERS W/O MCC",143,63690.91,35179.58,28458.09,2023
7bc19a87-bc8,H0003,470,MAJOR JOINT REPLACEMENT OR REATTACHMENT OF LOWER EXTREMITY W/O MCC,417,16022.78,5135.8,4273.56,2021
dba20e38-9e6,H0003,871,SEPTICEMIA OR SEVERE SEPSIS W/O MV >96 HOURS W MCC,127,20280.78,6302.08,5855.3,2022
abb35a09-b03,H0003,291,HEART FAILURE & SHOCK W MCC,397,77795.8,40345.57,36150.39,2021
5391885b-a60,H0003,292,HEART FAILURE & SHOCK W CC,17,31601.31,10857.46,10035.09,2021
fa6f7a67-d46,H0003,193,SIMPLE PNEUMONIA & PLEURISY W MCC,26,59923.44,20876.92,17220.4,2021
f76cbcd4-e08,H0003,194,SIMPLE PNEUMONIA & PLEURISY W CC,335,24587.53,10350.92,8834.51,2021
4b7f9511-d42,H0003,682,RENAL FAILURE W MCC,140,16740.4,8409.61,6758.93,2022
8fb534dd-6cb,H0003,683,RENAL FAILURE W CC,273,53387.48,18394.86,15045.92,2023
0070f3b0-db4,H0003,392,"ESOPHAGITIS, GASTROENT & MISC DIGEST DISORDERS W/O MCC",347,45643.83,14632.8,12861.49,2021
9c142db7-2e8,H0003,641,"MISC DISORDERS OF NUTRITION, METABOLISM, FLUIDS/ELECTROLYTES W MCC",19,65450.94,23085.92,20511.32,2022
8d26d85d-dcf,H0004,470,MAJOR JOINT REPLACEMENT OR REATTACHMENT OF LOWER EXTREMITY W/O MCC,186,32049.34,13602.15,12855.3,2022
c47bd091-6a3,H0004,871,SEPTICEMIA OR SEVERE SEPSIS W/O MV >96 HOURS W MCC,210,40261.31,20719.71,17073.82,2023
9dfe240f-ebd,H0004,193,SIMPLE PNEUMONIA & PLEURISY W MCC,328,27094.46,9787.54,8796.45,2023
75988bde-99c,H0004,194,SIMPLE PNEUMONIA & PLEURISY W CC,76,54873.58,17813.2,14497.09,2021
f5ce94c8-cc2,H0004,682,RENAL FAILURE W MCC,449,58936.16,27202.43,24645.77,2023
12355b63-29e,H0004,683,RENAL FAILURE W CC,94,9662.62,4770.84,4234.57,2023
aa2d2a2c-bd4,H0004,392,"ESOPHAGITIS, GASTROENT & MISC DIGEST DISORDERS W/O MCC",160,55197.68,22477.2,18020.27,2022
af30f319-556,H0004,641,"MISC DISORDERS OF NUTRITION, METABOLISM, FLUIDS/ELECTROLYTES W MCC",428,52763.22,22679.66,19165.44,2021
3d769fd4-8d7,H0005,470,MAJOR JOINT REPLACEMENT OR REATTACHMENT OF LOWER EXTREMITY W/O MCC,54,70412.14,25608.02,24119.58,2022
524ddfd2-33a,H0005,871,SEPTICEMIA OR SEVERE SEPSIS W/O MV >96 HOURS W MCC,137,49712.1,28636.15,26402.22,2021
c1c7bfaf-af2,H0005,193,SIMPLE PNEUMONIA & PLEURISY W MCC,206,36943.19,17086.5,14033.38,2022
5ffa37de-822,H0005,194,SIMPLE PNEUMONIA & PLEURISY W CC,493,25384.37,10702.58,9119.49,2022
a0916f0c-025,H0005,683,RENAL FAILURE W CC,423,65055.2,38269.7,31181.15,2021
1b37f8d5-cb3,H0005,392,"ESOPHAGITIS, GASTROENT & MISC DIGEST DISORDERS W/O MCC",261,29844.96,14159.76,12823.72,2021
819bd45d-4ae,H0005,641,"MISC DISORDERS OF NUTRITION, METABOLISM, FLUIDS/ELECTROLYTES W MCC",374,56575.98,22752.33,20417.81,2021
956fbcfb-94e,H0006,470,MAJOR JOINT REPLACEMENT OR REATTACHMENT OF LOWER EXTREMITY W/O MCC,186,44038.88,22548.96,19886.55,2023
4d2823f4-8ce,H0006,871,SEPTICEMIA OR SEVERE SEPSIS W/O MV >96 HOURS W MCC,11,22610.48,10795.31,10131.18,2022
a8aaebda-faf,H0006,291,HEART FAILURE & SHOCK W MCC,262,37874.05,18793.39,15613.34,2021
8ecc8f4c-62e,H0006,292,HEART FAILURE & SHOCK W CC,116,66038.2,26608.69,22076.24,2022
cd65ee35-93d,H0006,193,SIMPLE PNEUMONIA & PLEURISY W MCC,383,46488.13,25531.34,21498.14,2023
6c1af9e0-fc0,H0006,682,RENAL FAILURE W MCC,126,10017.77,3677.49,3243.75,2022
bc723cb1-fc8,H0006,683,RENAL FAILURE W CC,218,8041.02,3137.64,2821.21,2021
bc539272-af3,H0006,392,"ESOPHAGITIS, GASTROENT & MISC DIGEST DISORDERS W/O MCC",90,8505.82,3474.15,3258.15,2022
49e98744-d65,H0006,641,"MISC DISORDERS OF NUTRITION, METABOLISM, FLUIDS/ELECTROLYTES W MCC",459,10977.92,5149.05,4887.42,2022
ca647dbd-5cb,H0007,871,SEPTICEMIA OR SEVERE SEPSIS W/O MV >96 HOURS W MCC,331,60820.12,21822.8,19106.26,2021
104a3511-6cb,H0007,292,HEART FAILURE & SHOCK W CC,282,33840.17,18919.87,17290.29,2021
5f224a0b-774,H0007,193,SIMPLE PNEUMONIA & PLEURISY W MCC,404,14246.55,7856.43,6294.92,2022
cad73dd1-50a,H0007,194,SIMPLE PNEUMONIA & PLEURISY W CC,285,52176.98,18580.21,15740.98,2022
8738148f-76e,H0007,682,RENAL FAILURE W MCC,373,31271.85,10761.96,9614.83,2022
78aa4fa4-2f8,H0008,470,MAJOR JOINT REPLACEMENT OR REATTACHMENT OF LOWER EXTREMITY W/O MCC,82,11966.38,4579.84,4226.5,2021
4957db14-bc3,H0008,871,SEPTICEMIA OR SEVERE SEPSIS W/O MV >96 HOURS W MCC,388,15798.04,8123.43,6778.55,2021
ab15149e-ffc,H0008,291,HEART FAILURE & SHOCK W MCC,327,46908.96,22236.33,17927.31,2023
7c7efcb6-059,H0008,292,HEART FAILURE & SHOCK W CC,187,50899.44,25806.21,24068.23,2021
c22978ea-d93,H0008,194,SIMPLE PNEUMONIA & PLEURISY W CC,463,13968.53,6528.77,5718.72,2022
2c247945-d77,H0008,683,RENAL FAILURE W CC,437,42873.51,21144.53,19071.39,2022
d04e141f-c4b,H0008,392,"ESOPHAGITIS, GASTROENT & MISC DIGEST DISORDERS W/O MCC",118,47290.27,23430.86,22029.18,2022
e8fc0ab6-8d8,H0008,641,"MISC DISORDERS OF NUTRITION, METABOLISM, FLUIDS/ELECTROLYTES W MCC",334,25453.3,12649.56,10708.84,2023
cce3676c-050,H0009,470,MAJOR JOINT REPLACEMENT OR REATTACHMENT OF LOWER EXTREMITY W/O MCC,250,42851.41,24879.2,22058.2,2021
a4a06afe-cdc,H0009,871,SEPTICEMIA OR SEVERE SEPSIS W/O MV >96 HOURS W MCC,410,45654.38,25112.52,21905.28,2023
7f6404de-0ae,H0009,292,HEART FAILURE & SHOCK W CC,328,20302.54,9665.84,9118.81,2021
c0d7fabd-c00,H0009,194,SIMPLE PNEUMONIA & PLEURISY W CC,67,27640.57,9608.9,7905.01,2021
93a2da98-16c,H0009,682,RENAL FAILURE W MCC,331,58283.14,23529.66,19316.66,2023
d8d4270a-be7,H0009,683,RENAL FAILURE W CC,38,29990.48,10806.05,9516.28,2022
25809c5e-331,H0009,641,"MISC DISORDERS OF NUTRITION, METABOLISM, FLUIDS/ELECTROLYTES W MCC",428,25694.5,12238.59,10550.74,2021
c2f0b286-c0a,H0010,470,MAJOR JOINT REPLACEMENT OR REATTACHMENT OF LOWER EXTREMITY W/O MCC,122,56363.07,18292.58,17121.13,2021
159ef5ba-506,H0010,871,SEPTICEMIA OR SEVERE SEPSIS W/O MV >96 HOURS W MCC,181,44068.49,19483.86,16994.15,2023
f1c63177-d68,H0010,291,HEART FAILURE & SHOCK W MCC,22,20642.72,9487.26,8084.72,2023
de66497e-e4e,H0010,292,HEART FAILURE & SHOCK W CC,16,32910.67,10185.59,9187.99,2022
78f9b5a7-29a,H0010,193,SIMPLE PNEUMONIA & PLEURISY W MCC,469,13805.6,7056.33,5917.23,2021
2b40dd5e-464,H0010,194,SIMPLE PNEUMONIA & PLEURISY W CC,341,65676.71,38604.48,36252.03,2022
2693ff75-a68,H0010,682,RENAL FAILURE W MCC,495,27781.92,12459.28,11374.95,2022
22609a6c-f84,H0010,683,RENAL FAILURE W CC,173,75619.74,23279.26,19263.3,2023
086da552-d91,H0010,392,"ESOPHAGITIS, GASTROENT & MISC DIGEST DISORDERS W/O MCC",404,36483.83,17250.21,14467.17,2021
24fb3f19-197,H0011,470,MAJOR JOINT REPLACEMENT OR REATTACHMENT OF LOWER EXTREMITY W/O MCC,494,18226.75,6673.22,5929.44,2022
7bf26202-44b,H0011,871,SEPTICEMIA OR SEVERE SEPSIS W/O MV >96 HOURS W MCC,411,34397.59,13729.01,11141.93,2021
5cc8fd54-8fa,H0011,291,HEART FAILURE & SHOCK W MCC,118,65918.78,37281.13,34578.35,2023
60e2c6a8-fce,H0011,292,HEART FAILURE & SHOCK W CC,406,61993.41,31934.59,25638.16,2021
99c37f86-c0c,H0011,193,SIMPLE PNEUMONIA & PLEURISY W MCC,25,75250.52,41982.57,36611.63,2021
99363591-9bd,H0011,194,SIMPLE PNEUMONIA & PLEURISY W CC,165,52263.48,31105.92,29007.84,2023
2d710a99-14d,H0011,682,RENAL FAILURE W MCC,128,30108.91,13991.17,12868.7,2021
b21990e7-95d,H0011,683,RENAL FAILURE W CC,17,50152.07,15069.08,14236.24,2022
da84b3c0-863,H0011,641,"MISC DISORDERS OF NUTRITION, METABOLISM, FLUIDS/ELECTROLYTES W MCC",347,38951.22,15653.2,14697.27,2021
a9efdaf9-685,H0012,470,MAJOR JOINT REPLACEMENT OR REATTACHMENT OF LOWER EXTREMITY W/O MCC,257,35207.16,12398.47,10105.67,2021
d10839a9-c6f,H0012,871,SEPTICEMIA OR SEVERE SEPSIS W/O MV >96 HOURS W MCC,149,79605.17,44318.01,39560.36,2022
c704b5fd-821,H0012,292,HEART FAILURE & SHOCK W CC,268,9429.61,5592.95,4636.25,2023
4e9aab16-802,H0012,194,SIMPLE PNEUMONIA & PLEURISY W CC,447,30448.69,14187.59,12177.54,2022
4a3d7283-4af,H0012,392,"ESOPHAGITIS, GASTROENT & MISC DIGEST DISORDERS W/O MCC",449,69036.89,26655.34,23269.34,2022
ff7432ad-3b6,H0012,641,"MISC DISORDERS OF NUTRITION, METABOLISM, FLUIDS/ELECTROLYTES W MCC",210,21388.83,8852.78,7337.42,2022
667ee852-ce2,H0013,470,MAJOR JOINT REPLACEMENT OR REATTACHMENT OF LOWER EXTREMITY W/O MCC,17,13793.29,7511.4,6154.35,2022
93f57648-aaf,H0013,871,SEPTICEMIA OR SEVERE SEPSIS W/O MV >96 HOURS W MCC,186,53553.57,16542.36,14066.57,2022
fb837bd1-dae,H0013,291,HEART FAILURE & SHOCK W MCC,64,71583.23,36216.11,29100.32,2022
c3b08cba-146,H0013,292,HEART FAILURE & SHOCK W CC,368,71684.15,37419.22,34902.14,2023
fb442b0c-b3e,H0013,193,SIMPLE PNEUMONIA & PLEURISY W MCC,351,17986.83,7069.53,5748.2,2021
0f6e910c-cf2,H0013,194,SIMPLE PNEUMONIA & PLEURISY W CC,187,62847.31,30395.17,27718.01,2023
1c5eb5b6-bf9,H0013,682,RENAL FAILURE W MCC,310,55505.28,19886.38,16882.5,2021
abf7ba59-828,H0013,683,RENAL FAILURE W CC,19,9447.29,4523.6,4018.07,2023
2ed28536-da1,H0013,392,"ESOPHAGITIS, GASTROENT & MISC DIGEST DISORDERS W/O MCC",113,39763.92,18144.99,14746.03,2021
a666c4c8-b22,H0013,641,"MISC DISORDERS OF NUTRITION, METABOLISM, FLUIDS/ELECTROLYTES W MCC",129,32554.55,14070.8,12448.72,2023
b55f9d46-13d,H0014,470,MAJOR JOINT REPLACEMENT OR REATTACHMENT OF LOWER EXTREMITY W/O MCC,183,40734.29,19207.39,17799.31,2023
3a953856-3ba,H0014,291,HEART FAILURE & SHOCK W MCC,311,71154.86,37675.23,31763.0,2022
8be981fe-e19,H0014,292,HEART FAILURE & SHOCK W CC,394,43811.76,21322.0,17196.91,2023
33d7f6c5-64f,H0014,193,SIMPLE PNEUMONIA & PLEURISY W MCC,379,44314.53,24972.72,20352.83,2021
1d4f1981-aeb,H0014,194,SIMPLE PNEUMONIA & PLEURISY W CC,486,8383.63,2547.23,2089.22,2023
eafab851-dca,H0014,682,RENAL FAILURE W MCC,381,57518.43,20680.91,19284.56,2022
8980e181-b58,H0014,392,"ESOPHAGITIS, GASTROENT & MISC DIGEST DISORDERS W/O MCC",332,76370.46,40580.52,37001.23,2022
1f0b6a17-b51,H0014,641,"MISC DISORDERS OF NUTRITION, METABOLISM, FLUIDS/ELECTROLYTES W MCC",477,32323.36,14653.13,13379.14,2023
80746605-ba3,H0015,470,MAJOR JOINT REPLACEMENT OR REATTACHMENT OF LOWER EXTREMITY W/O MCC,483,54531.66,24332.84,21009.95,2022
b893b7c4-5e3,H0015,291,HEART FAILURE & SHOCK W MCC,450,76416.97,34490.77,27802.25,2022
6f53e053-30d,H0015,292,HEART FAILURE & SHOCK W CC,320,71782.22,37555.06,33830.91,2023
0aa15cc2-a0f,H0015,193,SIMPLE PNEUMONIA & PLEURISY W MCC,490,8776.02,4743.23,4341.1,2023
8aa2e46d-c7e,H0015,194,SIMPLE PNEUMONIA & PLEURISY W CC,106,26862.97,9455.39,8064.82,2022
37d08c99-212,H0015,683,RENAL FAILURE W CC,211,79211.37,36903.3,33326.5,2023
dc69fb87-171,H0015,641,"MISC DISORDERS OF NUTRITION, METABOLISM, FLUIDS/ELECTROLYTES W MCC",178,40800.12,17542.55,14981.95,2021
564c513e-4b6,H0016,470,MAJOR JOINT REPLACEMENT OR REATTACHMENT OF LOWER EXTREMITY W/O MCC,303,9685.48,4973.75,4010.38,2022
b5592f00-27f,H0016,292,HEART FAILURE & SHOCK W CC,289,65066.68,32721.07,26291.86,2021
b38b83de-00b,H0016,193,SIMPLE PNEUMONIA & PLEURISY W MCC,238,29238.19,16826.37,14412.25,2022
6942b6cc-6fb,H0016,682,RENAL FAILURE W MCC,497,47741.94,20590.33,17111.07,2021
0ab9ce05-0fb,H0016,392,"ESOPHAGITIS, GASTROENT & MISC DIGEST DISORDERS W/O MCC",84,30647.64,10928.99,9084.75,2022
d2891565-178,H0016,641,"MISC DISORDERS OF NUTRITION, METABOLISM, FLUIDS/ELECTROLYTES W MCC",231,53634.14,28394.64,25890.55,2021
f16b27f3-1e7,H0017,470,MAJOR JOINT REPLACEMENT OR REATTACHMENT OF LOWER EXTREMITY W/O MCC,196,39222.22,12081.01,10907.86,2022
4e379532-8a8,H0017,871,SEPTICEMIA OR SEVERE SEPSIS W/O MV >96 HOURS W MCC,86,23034.0,12427.55,11570.34,2022
39a188df-e4d,H0017,292,HEART FAILURE & SHOCK W CC,168,68241.63,38630.31,32776.91,2021
7b819028-374,H0017,193,SIMPLE PNEUMONIA & PLEURISY W MCC,253,42278.83,14871.02,12279.99,2021
ea1f32bb-347,H0017,682,RENAL FAILURE W MCC,249,10164.41,5370.15,4367.26,2022
30613310-60c,H0018,291,HEART FAILURE & SHOCK W MCC,464,37441.68,15621.61,14447.03,2023
16772884-3d3,H0018,292,HEART FAILURE & SHOCK W CC,57,64239.14,30310.64,28018.46,2022
8ac4307c-133,H0018,193,SIMPLE PNEUMONIA & PLEURISY W MCC,158,15242.22,7796.03,6834.06,2021
04cdd90c-25f,H0018,194,SIMPLE PNEUMONIA & PLEURISY W CC,336,25889.96,12137.21,10712.83,2021
6e054728-363,H0018,682,RENAL FAILURE W MCC,264,32009.7,17833.74,15279.26,2022
f69edad3-6b5,H0018,683,RENAL FAILURE W CC,371,11832.06,5746.46,5243.24,2022
76b66b10-d81,H0018,392,"ESOPHAGITIS, GASTROENT & MISC DIGEST DISORDERS W/O MCC",440,48323.25,20768.0,17635.56,2021
2309cd7e-6c3,H0018,641,"MISC DISORDERS OF NUTRITION, METABOLISM, FLUIDS/ELECTROLYTES W MCC",184,12643.53,4827.3,4182.17,2021
270cb080-db0,H0019,871,SEPTICEMIA OR SEVERE SEPSIS W/O MV >96 HOURS W MCC,158,48321.81,18121.86,14713.24,2023
32a1ace7-b43,H0019,291,HEART FAILURE & SHOCK W MCC,26,58593.94,27392.99,25174.3,2022
7ba47368-523,H0019,292,HEART FAILURE & SHOCK W CC,258,61784.78,22068.48,18539.0,2023
64ee8b80-a1e,H0019,194,SIMPLE PNEUMONIA & PLEURISY W CC,301,45169.16,20662.77,17465.7,2021
93a37528-0f2,H0019,683,RENAL FAILURE W CC,101,73391.13,40169.66,32310.18,2023
dd5a7809-f77,H0019,392,"ESOPHAGITIS, GASTROENT & MISC DIGEST DISORDERS W/O MCC",321,62704.21,21750.3,19928.11,2023
4abf6755-6ee,H0019,641,"MISC DISORDERS OF NUTRITION, METABOLISM, FLUIDS/ELECTROLYTES W MCC",181,34164.2,16554.67,13708.12,2022
d2e47082-768,H0020,871,SEPTICEMIA OR SEVERE SEPSIS W/O MV >96 HOURS W MCC,109,23265.48,13871.1,12204.06,2021
7688e188-936,H0020,291,HEART FAILURE & SHOCK W MCC,232,41639.63,17426.15,14138.72,2023
115c2314-bec,H0020,292,HEART FAILURE & SHOCK W CC,308,79743.02,41916.51,36213.41,2022
f2d6a075-047,H0020,193,SIMPLE PNEUMONIA & PLEURISY W MCC,245,29181.77,12118.63,11197.6,2021
79b9ebe3-cdb,H0020,194,SIMPLE PNEUMONIA & PLEURISY W CC,218,38103.73,19465.68,18266.04,2022
a8f71d8b-9e5,H0020,682,RENAL FAILURE W MCC,355,64857.67,27686.52,22849.7,2023
0919b2ce-9aa,H0020,392,"ESOPHAGITIS, GASTROENT & MISC DIGEST DISORDERS W/O MCC",236,74790.86,29214.69,24538.67,2022
3ab7370e-26e,H0020,641,"MISC DISORDERS OF NUTRITION, METABOLISM, FLUIDS/ELECTROLYTES W MCC",153,47690.09,15371.75,14597.83,2023
bb41d8f3-d96,H0021,470,MAJOR JOINT REPLACEMENT OR REATTACHMENT OF LOWER EXTREMITY W/O MCC,175,62363.03,21065.82,18619.1,2021
41510bf0-f7a,H0021,871,SEPTICEMIA OR SEVERE SEPSIS W/O MV >96 HOURS W MCC,159,73106.48,37912.24,30660.44,2023
3e4b51aa-20e,H0021,291,HEART FAILURE & SHOCK W MCC,437,34881.43,19138.68,16202.88,2021
a322ab51-bc3,H0021,292,HEART FAILURE & SHOCK W CC,113,32790.1,14473.0,12804.13,2021
9700a22c-472,H0021,194,SIMPLE PNEUMONIA & PLEURISY W CC,170,63568.38,20831.25,18741.62,2022
b4eca584-40a,H0021,682,RENAL FAILURE W MCC,347,16072.14,5256.66,4783.85,2022
fd88e7b3-a94,H0021,641,"MISC DISORDERS OF NUTRITION, METABOLISM, FLUIDS/ELECTROLYTES W MCC",299,62755.11,36347.36,31727.17,2023
4ec2a607-b04,H0022,470,MAJOR JOINT REPLACEMENT OR REATTACHMENT OF LOWER EXTREMITY W/O MCC,441,17636.82,9167.79,8151.62,2022
319980af-483,H0022,871,SEPTICEMIA OR SEVERE SEPSIS W/O MV >96 HOURS W MCC,423,62830.1,36790.36,32873.03,2023
586735ff-59c,H0022,292,HEART FAILURE & SHOCK W CC,163,63768.63,20317.58,17605.96,2021
1724b1f5-af3,H0022,194,SIMPLE PNEUMONIA & PLEURISY W CC,12,22770.33,11069.54,9827.96,2022
e483fabf-76e,H0022,682,RENAL FAILURE W MCC,368,50232.71,18873.06,16828.67,2021
cfd46cad-fc1,H0022,683,RENAL FAILURE W CC,453,42311.64,18217.03,15649.4,2022
99d9755f-8e2,H0022,392,"ESOPHAGITIS, GASTROENT & MISC DIGEST DISORDERS W/O MCC",455,37740.79,12368.76,9987.45,2022
ab6d742c-9a9,H0022,641,"MISC DISORDERS OF NUTRITION, METABOLISM, FLUIDS/ELECTROLYTES W MCC",59,33893.53,17080.07,15717.08,2021
83a06db4-598,H0023,470,MAJOR JOINT REPLACEMENT OR REATTACHMENT OF LOWER EXTREMITY W/O MCC,79,53725.36,26809.63,23111.29,2022
25371d0e-a4e,H0023,871,SEPTICEMIA OR SEVERE SEPSIS W/O MV >96 HOURS W MCC,318,47931.17,28405.81,25174.7,2021
a88019af-d09,H0023,291,HEART FAILURE & SHOCK W MCC,485,38653.42,22241.29,19119.49,2023
e331eed1-1de,H0023,292,HEART FAILURE & SHOCK W CC,206,71517.23,34131.43,29771.39,2021
d2ed6bfb-b74,H0023,193,SIMPLE PNEUMONIA & PLEURISY W MCC,442,55422.32,27202.76,24198.97,2021
6eabd763-209,H0023,194,SIMPLE PNEUMONIA & PLEURISY W CC,323,65913.66,29133.12,26306.11,2022
0c1ad09f-e79,H0023,641,"MISC DISORDERS OF NUTRITION, METABOLISM, FLUIDS/ELECTROLYTES W MCC",369,44491.1,18516.4,15820.72,2022
b7cb5a06-f2c,H0024,470,MAJOR JOINT REPLACEMENT OR REATTACHMENT OF LOWER EXTREMITY W/O MCC,363,49659.23,17654.7,14885.96,2021
920dc738-682,H0024,291,HEART FAILURE & SHOCK W MCC,232,46391.67,24155.91,21047.63,2022
ee19111c-547,H0024,292,HEART FAILURE & SHOCK W CC,294,54273.89,30544.88,24655.4,2022
62e656e5-91f,H0024,193,SIMPLE PNEUMONIA & PLEURISY W MCC,408,59434.43,19939.36,16035.02,2023
a1f768ae-e21,H0024,682,RENAL FAILURE W MCC,443,76703.87,37688.49,32071.51,2023
d27c4992-f05,H0024,392,"ESOPHAGITIS, GASTROENT & MISC DIGEST DISORDERS W/O MCC",291,34368.37,16661.56,13488.34,2023
bcea0152-9ae,H0024,641,"MISC DISORDERS OF NUTRITION, METABOLISM, FLUIDS/ELECTROLYTES W MCC",413,76133.88,27501.0,24598.78,2022
5d2aeb18-bd5,H0025,470,MAJOR JOINT REPLACEMENT OR REATTACHMENT OF LOWER EXTREMITY W/O MCC,132,69860.45,21950.21,17915.07,2023
1d8b4109-555,H0025,292,HEART FAILURE & SHOCK W CC,128,38597.47,20143.44,19007.76,2022
9b0401c2-b78,H0025,194,SIMPLE PNEUMONIA & PLEURISY W CC,371,28703.59,14413.97,11751.91,2022
edf93c59-01e,H0025,682,RENAL FAILURE W MCC,224,68829.36,34118.52,28607.98,2022
b340b076-c68,H0025,683,RENAL FAILURE W CC,120,43705.81,13365.94,11068.95,2021
a30a780c-020,H0025,392,"ESOPHAGITIS, GASTROENT & MISC DIGEST DISORDERS W/O MCC",283,48262.43,23059.47,19094.66,2021
65d13cc8-b1f,H0025,641,"MISC DISORDERS OF NUTRITION, METABOLISM, FLUIDS/ELECTROLYTES W MCC",375,62499.78,24486.48,20360.37,2021
f27be117-6cc,H0026,470,MAJOR JOINT REPLACEMENT OR REATTACHMENT OF LOWER EXTREMITY W/O MCC,289,55372.41,22287.24,19795.26,2021
bfd34095-013,H0026,871,SEPTICEMIA OR SEVERE SEPSIS W/O MV >96 HOURS W MCC,468,77330.4,43312.67,37493.53,2023
85b59e98-624,H0026,291,HEART FAILURE & SHOCK W MCC,316,28714.54,10828.59,10193.19,2023
5a451314-a7e,H0026,292,HEART FAILURE & SHOCK W CC,234,27958.33,12989.61,10850.19,2021
66187007-a94,H0026,193,SIMPLE PNEUMONIA & PLEURISY W MCC,287,70075.85,33518.5,27601.53,2021
0c2b6479-a29,H0026,194,SIMPLE PNEUMONIA & PLEURISY W CC,262,19201.43,8580.49,7877.03,2021
49926676-b7a,H0026,392,"ESOPHAGITIS, GASTROENT & MISC DIGEST DISORDERS W/O MCC",146,50703.63,17166.85,15485.71,2021
8f18be6d-030,H0026,641,"MISC DISORDERS OF NUTRITION, METABOLISM, FLUIDS/ELECTROLYTES W MCC",334,61944.78,30408.95,27721.87,2022
ae2f387d-f25,H0027,291,HEART FAILURE & SHOCK W MCC,238,43574.62,14150.32,11345.87,2023
ac5a4cf3-1b9,H0027,292,HEART FAILURE & SHOCK W CC,388,76862.3,38950.93,33911.14,2023
0ab83461-1f0,H0027,193,SIMPLE PNEUMONIA & PLEURISY W MCC,374,74238.9,36105.69,33411.65,2021
1b0f62cb-322,H0027,194,SIMPLE PNEUMONIA & PLEURISY W CC,61,54695.33,29701.02,25140.87,2021
3cee3ef6-967,H0027,682,RENAL FAILURE W MCC,454,14649.77,4595.85,3939.39,2022
88ae4e9a-0be,H0027,683,RENAL FAILURE W CC,447,43968.01,24924.58,21635.52,2022
48cfcf8c-b34,H0027,392,"ESOPHAGITIS, GASTROENT & MISC DIGEST DISORDERS W/O MCC",410,57935.37,27938.87,23423.24,2023
c2e42639-de0,H0027,641,"MISC DISORDERS OF NUTRITION, METABOLISM, FLUIDS/ELECTROLYTES W MCC",44,57466.51,33487.77,29991.72,2022
e269bbbe-ca0,H0028,871,SEPTICEMIA OR SEVERE SEPSIS W/O MV >96 HOURS W MCC,223,17449.68,6051.14,5111.79,2023
3854bb91-f07,H0028,291,HEART FAILURE & SHOCK W MCC,162,50256.39,26288.14,23435.16,2022
7af69f59-54c,H0028,292,HEART FAILURE & SHOCK W CC,411,13969.1,7057.74,6542.57,2022
e274b463-901,H0028,193,SIMPLE PNEUMONIA & PLEURISY W MCC,17,19848.91,6071.25,4914.25,2021
8eecd13c-f37,H0028,194,SIMPLE PNEUMONIA & PLEURISY W CC,64,78541.27,45651.93,36677.21,2021
1b4b99f0-c4c,H0028,682,RENAL FAILURE W MCC,477,33898.16,15488.41,14278.41,2021
7b82f2ae-406,H0028,641,"MISC DISORDERS OF NUTRITION, METABOLISM, FLUIDS/ELECTROLYTES W MCC",492,17187.11,8815.81,7815.83,2023
f4700249-052,H0029,470,MAJOR JOINT REPLACEMENT OR REATTACHMENT OF LOWER EXTREMITY W/O MCC,127,51964.81,16225.44,13570.34,2021
064130e1-545,H0029,871,SEPTICEMIA OR SEVERE SEPSIS W/O MV >96 HOURS W MCC,350,33396.54,11982.19,10560.34,2023
3c95a413-eb7,H0029,291,HEART FAILURE & SHOCK W MCC,400,66859.79,28295.51,25812.45,2023
24b07ccf-9d9,H0029,292,HEART FAILURE & SHOCK W CC,393,36440.57,11948.4,10137.22,2022
8746c329-e09,H0029,193,SIMPLE PNEUMONIA & PLEURISY W MCC,301,77651.69,41250.27,38486.56,2022
d6fa3068-39c,H0029,194,SIMPLE PNEUMONIA & PLEURISY W CC,352,18706.44,8299.94,6662.2,2022
a2ae2794-aa8,H0029,683,RENAL FAILURE W CC,314,70875.78,32746.25,28764.93,2021
ac5d3fbf-e0d,H0029,392,"ESOPHAGITIS, GASTROENT & MISC DIGEST DISORDERS W/O MCC",19,79812.99,38679.89,32314.81,2021
8ad2f737-580,H0029,641,"MISC DISORDERS OF NUTRITION, METABOLISM, FLUIDS/ELECTROLYTES W MCC",125,28086.65,10062.08,8761.81,2022
c8778152-779,H0030,871,SEPTICEMIA OR SEVERE SEPSIS W/O MV >96 HOURS W MCC,367,19680.5,9916.95,8842.91,2023
a59725da-640,H0030,291,HEART FAILURE & SHOCK W MCC,478,60097.15,27377.12,24733.38,2023
7d7c68cb-3db,H0030,193,SIMPLE PNEUMONIA & PLEURISY W MCC,340,23875.73,11874.77,10350.65,2023
a94f8864-335,H0030,194,SIMPLE PNEUMONIA & PLEURISY W CC,38,36190.83,14181.34,11480.22,2021
a71e5169-6c4,H0030,682,RENAL FAILURE W MCC,412,62420.15,37048.82,31237.92,2021
ee9892a6-397,H0030,683,RENAL FAILURE W CC,279,57547.57,32344.4,27519.34,2023
6539ca6d-aaa,H0030,392,"ESOPHAGITIS, GASTROENT & MISC DIGEST DISORDERS W/O MCC",318,49750.5,27529.03,25477.52,2022
41409a0d-c3f,H0030,641,"MISC DISORDERS OF NUTRITION, METABOLISM, FLUIDS/ELECTROLYTES W MCC",125,68195.06,34419.11,28664.42,2023
e85c4ea7-2bd,H0031,470,MAJOR JOINT REPLACEMENT OR REATTACHMENT OF LOWER EXTREMITY W/O MCC,403,62357.55,28090.76,23178.59,2022
74eda914-76c,H0031,291,HEART FAILURE & SHOCK W MCC,197,73487.94,34029.24,32137.16,2021
29717374-e84,H0031,292,HEART FAILURE & SHOCK W CC,155,30146.39,16917.11,14294.65,2021
5b94718f-d3f,H0031,193,SIMPLE PNEUMONIA & PLEURISY W MCC,197,21641.65,10185.73,9575.76,2021
c9b21c43-084,H0031,194,SIMPLE PNEUMONIA & PLEURISY W CC,67,35666.39,11218.23,9322.46,2023
16d78508-abb,H0031,682,RENAL FAILURE W MCC,91,37789.97,12312.7,10789.61,2021
11593d22-9e7,H0031,683,RENAL FAILURE W CC,22,66842.15,26996.9,23575.37,2021
45fb43d9-c51,H0031,392,"ESOPHAGITIS, GASTROENT & MISC DIGEST DISORDERS W/O MCC",444,42890.7,23979.38,21876.14,2022
48da71fc-6bf,H0032,470,MAJOR JOINT REPLACEMENT OR REATTACHMENT OF LOWER EXTREMITY W/O MCC,352,49996.51,18389.95,15166.34,2021
3e272e1d-924,H0032,291,HEART FAILURE & SHOCK W MCC,337,77369.96,40667.55,38308.91,2022
6902cf96-cb8,H0032,292,HEART FAILURE & SHOCK W CC,152,23624.04,12465.32,11537.22,2023
cd2e0ebe-e59,H0032,682,RENAL FAILURE W MCC,280,74709.85,33931.12,28278.32,2023
f9281c4a-b3a,H0032,683,RENAL FAILURE W CC,242,30664.24,11081.36,10468.22,2021
194d3db2-53f,H0032,641,"MISC DISORDERS OF NUTRITION, METABOLISM, FLUIDS/ELECTROLYTES W MCC",239,78984.43,43597.13,35366.79,2021
042aa2bb-f12,H0033,291,HEART FAILURE & SHOCK W MCC,296,79926.6,27139.08,22551.87,2023
e7a2f5c8-bac,H0033,292,HEART FAILURE & SHOCK W CC,250,74849.54,38094.53,34340.2,2021
67308bad-99a,H0033,194,SIMPLE PNEUMONIA & PLEURISY W CC,204,39338.39,19312.0,16649.98,2022
8cb884d0-529,H0033,682,RENAL FAILURE W MCC,12,66253.73,23289.25,19909.94,2022
03d3f5e7-58c,H0033,683,RENAL FAILURE W CC,327,32981.38,10876.79,9467.57,2021
4b9411a2-210,H0033,641,"MISC DISORDERS OF NUTRITION, METABOLISM, FLUIDS/ELECTROLYTES W MCC",109,78346.03,27581.77,24123.98,2022
2f4e1796-f48,H0034,470,MAJOR JOINT REPLACEMENT OR REATTACHMENT OF LOWER EXTREMITY W/O MCC,464,75256.96,37858.93,33426.98,2023
9701caac-c19,H0034,291,HEART FAILURE & SHOCK W MCC,254,41778.1,19817.16,17650.9,2023
87ddff3c-fb0,H0034,292,HEART FAILURE & SHOCK W CC,452,14876.62,6968.73,5846.78,2022
ebfa02e9-231,H0034,194,SIMPLE PNEUMONIA & PLEURISY W CC,193,10984.52,5374.65,4730.53,2023
60eebb2d-e5f,H0034,682,RENAL FAILURE W MCC,322,47001.16,14392.44,13662.32,2022
88d9c47f-c17,H0034,392,"ESOPHAGITIS, GASTROENT & MISC DIGEST DISORDERS W/O MCC",404,57544.58,25172.82,21912.81,2023
43961541-c9b,H0035,470,MAJOR JOINT REPLACEMENT OR REATTACHMENT OF LOWER EXTREMITY W/O MCC,89,30919.34,18167.03,15649.35,2023
b65a1518-117,H0035,291,HEART FAILURE & SHOCK W MCC,79,35038.17,11502.21,10744.59,2023
77a2ea24-d30,H0035,193,SIMPLE PNEUMONIA & PLEURISY W MCC,139,11765.57,4780.01,4326.21,2021
674e9417-71e,H0035,194,SIMPLE PNEUMONIA & PLEURISY W CC,47,38095.33,18308.41,15778.63,2023
5e2002f8-3d7,H0035,682,RENAL FAILURE W MCC,68,52638.77,20168.1,17102.34,2022
bdc15654-ec0,H0035,392,"ESOPHAGITIS, GASTROENT & MISC DIGEST DISORDERS W/O MCC",87,18498.71,7227.35,6468.72,2023
5f3559f2-cb9,H0035,641,"MISC DISORDERS OF NUTRITION, METABOLISM, FLUIDS/ELECTROLYTES W MCC",399,50511.63,18778.3,17166.8,2021
702d46c7-5ea,H0036,470,MAJOR JOINT REPLACEMENT OR REATTACHMENT OF LOWER EXTREMITY W/O MCC,63,9982.59,5604.94,4878.89,2021
e893a5da-856,H0036,292,HEART FAILURE & SHOCK W CC,305,44558.03,24802.78,21295.22,2022
136b50ae-6a8,H0036,193,SIMPLE PNEUMONIA & PLEURISY W MCC,391,72293.18,43099.87,35871.47,2021
1a76b460-0f4,H0036,194,SIMPLE PNEUMONIA & PLEURISY W CC,289,20462.4,9062.52,8370.99,2022
1094d8c9-189,H0036,683,RENAL FAILURE W CC,161,49869.53,15822.91,13084.07,2022
1d75b6e1-254,H0036,641,"MISC DISORDERS OF NUTRITION, METABOLISM, FLUIDS/ELECTROLYTES W MCC",27,48694.06,23253.16,21864.07,2023
e6e2390b-954,H0037,470,MAJOR JOINT REPLACEMENT OR REATTACHMENT OF LOWER EXTREMITY W/O MCC,267,12656.69,3837.33,3323.38,2023
10921a75-2ec,H0037,871,SEPTICEMIA OR SEVERE SEPSIS W/O MV >96 HOURS W MCC,295,9423.87,4921.93,4052.08,2021
edf28f20-8b9,H0037,291,HEART FAILURE & SHOCK W MCC,363,10604.68,4642.63,3815.35,2023
a35f2694-c30,H0037,292,HEART FAILURE & SHOCK W CC,467,30217.96,11854.67,10204.75,2021
a761e2b2-8d2,H0037,193,SIMPLE PNEUMONIA & PLEURISY W MCC,189,17432.46,8490.47,7604.57,2022
6e7f9cc5-cd0,H0037,194,SIMPLE PNEUMONIA & PLEURISY W CC,425,42033.14,18653.05,17682.46,2022
69be21d6-268,H0037,682,RENAL FAILURE W MCC,256,21692.36,6555.1,5344.96,2022
fd73063d-f85,H0037,683,RENAL FAILURE W CC,379,17484.43,5574.39,4803.1,2021
bba0de1a-469,H0037,392,"ESOPHAGITIS, GASTROENT & MISC DIGEST DISORDERS W/O MCC",169,49492.75,28107.74,25239.25,2021
c02e2e9e-b00,H0037,641,"MISC DISORDERS OF NUTRITION, METABOLISM, FLUIDS/ELECTROLYTES W MCC",15,53568.01,17143.43,13932.13,2023
ecfe6020-33f,H0038,871,SEPTICEMIA OR SEVERE SEPSIS W/O MV >96 HOURS W MCC,52,47569.75,15462.14,14011.83,2022
0cde828a-bb2,H0038,292,HEART FAILURE & SHOCK W CC,383,16798.44,8759.38,7082.05,2023
230095bc-995,H0038,194,SIMPLE PNEUMONIA & PLEURISY W CC,474,72324.65,39455.03,33701.78,2021
62b90888-1b5,H0038,392,"ESOPHAGITIS, GASTROENT & MISC DIGEST DISORDERS W/O MCC",311,23174.55,9854.33,8745.69,2023
9ef34ec4-0bf,H0038,641,"MISC DISORDERS OF NUTRITION, METABOLISM, FLUIDS/ELECTROLYTES W MCC",82,44232.36,24454.25,22302.9,2022
68110b8b-5bb,H0039,470,MAJOR JOINT REPLACEMENT OR REATTACHMENT OF LOWER EXTREMITY W/O MCC,300,33443.77,10816.98,10269.57,2021
eb3acc58-735,H0039,871,SEPTICEMIA OR SEVERE SEPSIS W/O MV >96 HOURS W MCC,317,38477.74,21226.62,19000.8,2022
029c545b-762,H0039,291,HEART FAILURE & SHOCK W MCC,184,16336.0,7518.4,6161.29,2022
c6728c0e-58f,H0039,193,SIMPLE PNEUMONIA & PLEURISY W MCC,361,52738.64,21306.88,19029.63,2021
cbf38677-388,H0039,682,RENAL FAILURE W MCC,62,61931.28,20973.15,18064.47,2021
6910c514-741,H0039,683,RENAL FAILURE W CC,224,41151.73,12646.66,11895.01,2021
3df71365-60e,H0039,392,"ESOPHAGITIS, GASTROENT & MISC DIGEST DISORDERS W/O MCC",391,42911.46,20724.99,19669.33,2021
91703af1-821,H0039,641,"MISC DISORDERS OF NUTRITION, METABOLISM, FLUIDS/ELECTROLYTES W MCC",158,9206.46,5092.24,4162.07,2023
3ae4be6c-941,H0040,470,MAJOR JOINT REPLACEMENT OR REATTACHMENT OF LOWER EXTREMITY W/O MCC,213,50251.16,21283.13,17892.14,2023
14427c4b-180,H0040,291,HEART FAILURE & SHOCK W MCC,42,11074.84,5667.65,5257.0,2022
7b42c634-290,H0040,292,HEART FAILURE & SHOCK W CC,285,44919.87,16018.95,15053.99,2023
f9e7154c-4c7,H0040,193,SIMPLE PNEUMONIA & PLEURISY W MCC,162,10718.15,5930.33,4877.18,2023
d802a9e1-cfc,H0040,194,SIMPLE PNEUMONIA & PLEURISY W CC,201,15666.0,7549.85,6084.9,2021
6f1d3feb-e06,H0040,682,RENAL FAILURE W MCC,386,8565.83,4605.44,3697.13,2023
e6adcc58-312,H0040,392,"ESOPHAGITIS, GASTROENT & MISC DIGEST DISORDERS W/O MCC",232,73927.61,33613.4,31746.43,2023
831eca0f-c55,H0040,641,"MISC DISORDERS OF NUTRITION, METABOLISM, FLUIDS/ELECTROLYTES W MCC",301,11304.92,4590.2,3848.86,2023
2b99e7ee-cc1,H0041,871,SEPTICEMIA OR SEVERE SEPSIS W/O MV >96 HOURS W MCC,46,8841.91,4752.85,4068.17,2022
a2243188-8a2,H0041,291,HEART FAILURE & SHOCK W MCC,207,44273.65,18969.65,15812.62,2022
7db5042c-3f2,H0041,292,HEART FAILURE & SHOCK W CC,105,55846.42,32079.25,28438.95,2021
3a3216ca-083,H0041,193,SIMPLE PNEUMONIA & PLEURISY W MCC,364,78060.89,40509.14,36832.52,2023
a6edb78b-05f,H0041,194,SIMPLE PNEUMONIA & PLEURISY W CC,400,43791.11,20447.95,16683.56,2023
16d74afa-47b,H0041,682,RENAL FAILURE W MCC,178,46611.09,24374.93,19747.18,2021
0f61ffab-b28,H0041,641,"MISC DISORDERS OF NUTRITION, METABOLISM, FLUIDS/ELECTROLYTES W MCC",70,8164.99,2534.56,2134.75,2023
49fd51c4-6c9,H0042,470,MAJOR JOINT REPLACEMENT OR REATTACHMENT OF LOWER EXTREMITY W/O MCC,116,60452.98,19980.38,17704.24,2023
da55af19-c3e,H0042,871,SEPTICEMIA OR SEVERE SEPSIS W/O MV >96 HOURS W MCC,339,78970.92,40988.68,36436.43,2023
d78b40d8-14d,H0042,194,SIMPLE PNEUMONIA & PLEURISY W CC,24,61228.8,29984.96,26140.39,2021
107d9463-8c1,H0042,682,RENAL FAILURE W MCC,352,40920.28,15835.27,14127.23,2022
59d2fa65-43c,H0042,641,"MISC DISORDERS OF NUTRITION, METABOLISM, FLUIDS/ELECTROLYTES W MCC",422,56418.79,26684.93,22406.55,2021
2cd0487a-31e,H0043,291,HEART FAILURE & SHOCK W MCC,105,52513.07,26447.45,23192.99,2023
7eb702ac-488,H0043,194,SIMPLE PNEUMONIA & PLEURISY W CC,112,11919.08,3679.02,3367.51,2023
d8813c0e-91c,H0043,682,RENAL FAILURE W MCC,498,21365.73,6809.32,5560.31,2022
22a17488-401,H0043,683,RENAL FAILURE W CC,246,57602.4,23634.91,19437.06,2023
cd32844e-2d5,H0043,641,"MISC DISORDERS OF NUTRITION, METABOLISM, FLUIDS/ELECTROLYTES W MCC",356,66165.99,39190.43,35812.94,2023
44c6b89f-918,H0044,193,SIMPLE PNEUMONIA & PLEURISY W MCC,208,11683.35,5784.77,5376.63,2022
bfa7c90b-2c5,H0044,194,SIMPLE PNEUMONIA & PLEURISY W CC,263,27031.93,10279.83,9390.45,2022
320b5024-939,H0044,682,RENAL FAILURE W MCC,383,30932.63,15117.98,13611.54,2022
d0176d33-a67,H0044,683,RENAL FAILURE W CC,447,73766.85,24735.3,23222.8,2023
9b0a331c-0e8,H0044,392,"ESOPHAGITIS, GASTROENT & MISC DIGEST DISORDERS W/O MCC",351,51243.32,19013.75,16922.66,2021
6ef3cc30-d0c,H0045,470,MAJOR JOINT REPLACEMENT OR REATTACHMENT OF LOWER EXTREMITY W/O MCC,31,25074.34,13040.03,10831.82,2022
2bb3d45e-a7b,H0045,193,SIMPLE PNEUMONIA & PLEURISY W MCC,87,9664.63,5273.54,4384.54,2021
5108362b-a9e,H0045,682,RENAL FAILURE W MCC,125,77667.32,37351.51,31791.73,2021
1c06f9a1-33c,H0045,641,"MISC DISORDERS OF NUTRITION, METABOLISM, FLUIDS/ELECTROLYTES W MCC",447,29706.87,10858.48,9404.98,2022
1f9b8112-683,H0046,470,MAJOR JOINT REPLACEMENT OR REATTACHMENT OF LOWER EXTREMITY W/O MCC,165,19180.04,9220.06,8672.26,2023
6e7fd73b-a80,H0046,871,SEPTICEMIA OR SEVERE SEPSIS W/O MV >96 HOURS W MCC,75,70056.46,23755.28,21783.1,2022
adbddedf-b86,H0046,291,HEART FAILURE & SHOCK W MCC,491,23227.46,9288.27,8616.01,2021
47b4a076-4ac,H0046,193,SIMPLE PNEUMONIA & PLEURISY W MCC,172,20166.99,9292.32,8711.15,2022
089c4854-59c,H0046,682,RENAL FAILURE W MCC,276,19340.99,9722.29,8441.14,2022
1ddddcb5-b14,H0046,392,"ESOPHAGITIS, GASTROENT & MISC DIGEST DISORDERS W/O MCC",342,8348.36,3700.39,3182.14,2021
b0360262-d11,H0046,641,"MISC DISORDERS OF NUTRITION, METABOLISM, FLUIDS/ELECTROLYTES W MCC",39,24501.24,9391.47,7869.37,2022
9cc3a88d-818,H0047,871,SEPTICEMIA OR SEVERE SEPSIS W/O MV >96 HOURS W MCC,92,67190.84,26385.78,24806.44,2023
de0443a1-c9f,H0047,292,HEART FAILURE & SHOCK W CC,420,58165.44,23375.83,19902.57,2023
36251e20-d20,H0047,193,SIMPLE PNEUMONIA & PLEURISY W MCC,396,71689.41,34719.64,28765.15,2023
93534094-e0d,H0047,682,RENAL FAILURE W MCC,491,77806.39,41389.19,35445.1,2021
e1e597f3-c29,H0048,871,SEPTICEMIA OR SEVERE SEPSIS W/O MV >96 HOURS W MCC,406,68898.85,25710.68,23343.54,2022
cfdf2f1c-148,H0048,193,SIMPLE PNEUMONIA & PLEURISY W MCC,377,63292.56,25340.73,21702.52,2023
2c86c2a6-fcd,H0048,194,SIMPLE PNEUMONIA & PLEURISY W CC,312,44730.82,25350.86,22762.08,2022
a44f00f8-66c,H0048,641,"MISC DISORDERS OF NUTRITION, METABOLISM, FLUIDS/ELECTROLYTES W MCC",298,52916.45,18689.78,16205.36,2022
48a4961a-096,H0049,470,MAJOR JOINT REPLACEMENT OR REATTACHMENT OF LOWER EXTREMITY W/O MCC,357,44155.71,20123.87,18483.21,2022
cc43dc4f-6a0,H0049,871,SEPTICEMIA OR SEVERE SEPSIS W/O MV >96 HOURS W MCC,29,47043.17,27198.94,22245.69,2022
4766ee38-603,H0049,291,HEART FAILURE & SHOCK W MCC,152,22372.22,11536.2,10221.74,2022
a1a49c0c-829,H0049,292,HEART FAILURE & SHOCK W CC,152,70637.29,41324.32,34960.54,2023
c8949a78-419,H0049,193,SIMPLE PNEUMONIA & PLEURISY W MCC,239,33345.79,18067.9,15653.17,2021
31b4940f-a3b,H0049,194,SIMPLE PNEUMONIA & PLEURISY W CC,162,28128.08,8938.47,7770.12,2022
f88d5704-6ca,H0049,682,RENAL FAILURE W MCC,185,75169.07,24624.4,23035.79,2023
7c823896-38f,H0049,683,RENAL FAILURE W CC,473,44383.09,26382.45,23746.39,2022
9e3127c8-716,H0049,392,"ESOPHAGITIS, GASTROENT & MISC DIGEST DISORDERS W/O MCC",402,61047.76,33351.39,27390.0,2022
cb3d58a1-2ca,H0049,641,"MISC DISORDERS OF NUTRITION, METABOLISM, FLUIDS/ELECTROLYTES W MCC",421,79773.45,34184.58,31963.59,2022
38c9ca89-88c,H0050,470,MAJOR JOINT REPLACEMENT OR REATTACHMENT OF LOWER EXTREMITY W/O MCC,353,28064.01,8662.15,7950.51,2023
a6d51118-b5d,H0050,871,SEPTICEMIA OR SEVERE SEPSIS W/O MV >96 HOURS W MCC,414,48716.95,23725.9,20341.86,2022
8d8ac27b-934,H0050,291,HEART FAILURE & SHOCK W MCC,342,20192.19,7401.67,6650.46,2021
8760f76f-328,H0050,292,HEART FAILURE & SHOCK W CC,14,36216.98,20912.42,17477.37,2022
4e27200f-e4d,H0050,193,SIMPLE PNEUMONIA & PLEURISY W MCC,279,77566.0,23704.17,19241.08,2022
cc2f1ba9-f64,H0050,194,SIMPLE PNEUMONIA & PLEURISY W CC,490,66049.7,31384.52,26799.5,2023
71e04e58-c5b,H0050,683,RENAL FAILURE W CC,324,47940.65,27508.61,23315.28,2021
3ea41424-96d,H0050,641,"MISC DISORDERS OF NUTRITION, METABOLISM, FLUIDS/ELECTROLYTES W MCC",376,35148.65,14312.36,13435.94,2023
